Catalogo de sismos - Servicio Sismologico Nacional (SSN) | UNAM - Mexico. DOI: 10.21766/SSNMX/EC/MX,,,,,,,,,,,,
Informacion sujeta a cambios. Archivo generado el 2022-09-21 a las 03:23:24 (tiempo del centro de Mexico).,,,,,,,,,,,,
"Sismicidad del 1900-01-01 al 2022-09-21, mag. 6.0 a 9.9, todas las profundidades, en todo el pais.",,,,,,,,,,,,
Total: 315 eventos.,,,,,,,,,,,,
Fecha,Hora,Dia,Mes,Yr,Magnitud,Latitud,Longitud,Profundidad,Referencia de localizacion,Fecha UTC,Hora UTC,Estatus
20/1/1900,00:33:30,20,1,1900,7.4,20,-105,33,"71 km al NOROESTE de AUTLAN DE NAVARRO, JAL",20/1/1900,06:33:30,revisado
16/5/1900,14:12:00,16,5,1900,6.9,20,-105,33,"71 km al NOROESTE de AUTLAN DE NAVARRO, JAL",16/5/1900,20:12:00,revisado
5/3/1901,04:45:00,5,3,1901,6.9,25,-110,33,"100 km al NORESTE de LA PAZ, BCS",5/3/1901,10:45:00,revisado
8/12/1901,20:17:00,8,12,1901,7,26,-110,33,"83 km al OESTE de AHOME, SIN",9/12/1901,02:17:00,revisado
16/1/1902,17:19:00,16,1,1902,7,17.62,-99.72,33,"21 km al OESTE de ZUMPANGO DEL RIO, GRO",16/1/1902,23:19:00,revisado
18/4/1902,20:23:00,18,4,1902,7.5,14.9,-91.5,25,"72 km al ESTE de CACAHOATAN, CHIS",19/4/1902,02:23:00,revisado
23/9/1902,14:18:00,23,9,1902,7.7,16.5,-92.5,25,"5 km al SUROESTE de TEOPISCA, CHIS",23/9/1902,20:18:00,revisado
12/12/1902,17:10:00,12,12,1902,7.1,29,-114,33,"115 km al NORTE de GUERRERO NEGRO, BCS",12/12/1902,23:10:00,revisado
13/1/1903,19:47:36,13,1,1903,7.6,15,-93,33,"50 km al SUR de MAPASTEPEC, CHIS",14/1/1903,01:47:36,revisado
24/10/1905,11:40:00,24,10,1905,6.6,20,-110,33,"320 km al SUR de CABO SAN LUCAS, BCS",24/10/1905,17:40:00,revisado
16/12/1905,23:27:00,16,12,1905,7.1,17,-113,33,"727 km al SUROESTE de CABO SAN LUCAS, BCS",17/12/1905,05:27:00,revisado
10/4/1906,15:18:00,10,4,1906,7.1,20,-110,33,"320 km al SUR de CABO SAN LUCAS, BCS",10/4/1906,21:18:00,revisado
15/4/1907,00:08:06,15,4,1907,7.6,16.7,-99.2,33,"23 km al SURESTE de SAN MARCOS, GRO",15/4/1907,06:08:06,revisado
16/10/1907,08:57:18,16,10,1907,7.1,28,-112.5,10,"77 km al NOROESTE de SANTA ROSALIA, BCS",16/10/1907,14:57:18,revisado
26/3/1908,17:03:30,26,3,1908,7.5,16.7,-99.2,33,"23 km al SURESTE de SAN MARCOS, GRO",26/3/1908,23:03:30,revisado
26/3/1908,21:45:30,26,3,1908,7,17,-101,33,"46 km al SUROESTE de TECPAN, GRO",27/3/1908,03:45:30,revisado
12/10/1908,23:06:00,12,10,1908,6.9,18,-102,33,"23 km al ESTE de LAS GUACAMAYAS, MICH",13/10/1908,05:06:00,revisado
30/7/1909,04:51:54,30,7,1909,7.2,16.8,-99.9,33,"8 km al SUR de ACAPULCO, GRO",30/7/1909,10:51:54,revisado
31/7/1909,12:43:10,31,7,1909,6.9,16.62,-99.45,33,"20 km al SUROESTE de SAN MARCOS, GRO",31/7/1909,18:43:10,revisado
5/9/1909,05:17:20,5,9,1909,6.6,16.53,-99.72,33,"42 km al SURESTE de ACAPULCO, GRO",5/9/1909,11:17:20,revisado
31/10/1909,04:23:00,31,10,1909,6.9,17,-101.2,33,"60 km al SUR de PETATLAN, GRO",31/10/1909,10:23:00,revisado
30/5/1910,22:19:19,30,5,1910,6.5,16.7,-99.2,33,"23 km al SURESTE de SAN MARCOS, GRO",31/5/1910,04:19:19,revisado
23/9/1910,21:32:42,23,9,1910,6.9,16.77,-95.9,80,"65 km al SURESTE de TLACOLULA, OAX",24/9/1910,03:32:42,revisado
3/2/1911,14:41:55,3,2,1911,6.5,17.8,-97.6,80,"19 km al ESTE de H HUAJUAPAN DE LEON, OAX",3/2/1911,20:41:55,revisado
7/6/1911,05:02:42,7,6,1911,7.6,17.5,-102.5,33,"59 km al SUROESTE de CD LAZARO CARDENAS, MICH",7/6/1911,11:02:42,revisado
27/8/1911,04:59:18,27,8,1911,6.7,17,-96,100,"51 km al ESTE de TLACOLULA, OAX",27/8/1911,10:59:18,revisado
16/12/1911,13:14:18,16,12,1911,7.5,16.9,-100.7,50,"36 km al SUR de TECPAN, GRO",16/12/1911,19:14:18,revisado
19/11/1912,07:55:07,19,11,1912,6.9,19.93,-99.83,33,"15 km al NORESTE de ATLACOMULCO, MEX",19/11/1912,13:55:07,revisado
9/12/1912,02:32:24,9,12,1912,7,15.5,-93,33,"13 km al NOROESTE de MAPASTEPEC, CHIS",9/12/1912,08:32:24,revisado
29/3/1914,18:41:18,29,3,1914,7.2,17,-92,150,"14 km al NORESTE de OCOSINGO, CHIS",30/3/1914,00:41:18,revisado
6/9/1915,19:20:48,6,9,1915,7.4,14,-89,80,"348 km al ESTE de CD HIDALGO, CHIS",7/9/1915,01:20:48,revisado
20/11/1915,18:13:22,20,11,1915,7,32,-115,10,"33 km al SURESTE de GPE VICTORIA(KM.43), BC",21/11/1915,00:13:22,revisado
2/6/1916,07:59:24,2,6,1916,7,17.5,-95,150,"42 km al SUR de SAYULA DE ALEMAN, VER",2/6/1916,13:59:24,revisado
21/11/1916,00:25:24,21,11,1916,6.8,18,-100,33,"43 km al SUROESTE de TELOLOAPAN, GRO",21/11/1916,06:25:24,revisado
29/12/1917,16:50:20,29,12,1917,6.9,15,-97,33,"96 km al SUR de PUERTO ESCONDIDO, OAX",29/12/1917,22:50:20,revisado
23/5/1918,05:57:30,23,5,1918,6.8,27,-111,33,"102 km al SUR de H GUAYMAS, SON",23/5/1918,11:57:30,revisado
7/6/1918,15:27:06,7,6,1918,6.6,18.7,-103.3,33,"17 km al SUROESTE de COALCOMAN, MICH",7/6/1918,21:27:06,revisado
17/4/1919,14:53:03,17,4,1919,6.9,14.5,-91.75,33,"48 km al SURESTE de CD HIDALGO, CHIS",17/4/1919,20:53:03,revisado
3/1/1920,22:21:56,3,1,1920,6.4,19.27,-96.97,10,"13 km al NORTE de HUATUSCO, VER",4/1/1920,04:21:56,revisado
19/4/1920,15:06:36,19,4,1920,6.7,19,-97,110,"9 km al SURESTE de COSCOMATEPEC, VER",19/4/1920,21:06:36,revisado
4/2/1921,02:22:44,4,2,1921,7.4,15,-91,120,"125 km al ESTE de CACAHOATAN, CHIS",4/2/1921,08:22:44,revisado
21/4/1921,14:01:36,21,4,1921,6.5,18.2,-103.3,33,"65 km al SUR de COALCOMAN, MICH",21/4/1921,20:01:36,revisado
11/6/1922,22:47:44,11,6,1922,6.7,24,-108.5,33,"117 km al SUROESTE de NAVOLATO, SIN",12/6/1922,04:47:44,revisado
7/8/1925,01:47:48,7,8,1925,6.7,19,-102,100,"10 km al SURESTE de NUEVA ITALIA, MICH",7/8/1925,07:47:48,revisado
16/11/1925,05:54:54,16,11,1925,7,18,-107,33,"291 km al SUROESTE de CIHUATLAN, JAL",16/11/1925,11:54:54,revisado
10/12/1925,08:14:42,10,12,1925,7,15.5,-92.5,33,"31 km al NOROESTE de MOTOZINTLA, CHIS",10/12/1925,14:14:42,revisado
9/2/1928,22:39:37,9,2,1928,6.5,18.26,-97.99,84,"9 km al NORESTE de ACATLAN DE OSORIO, PUE",10/2/1928,04:39:37,revisado
21/3/1928,22:17:30,21,3,1928,7.5,15.67,-96.1,33,"12 km al SURESTE de CRUCECITA, OAX",22/3/1928,04:17:30,revisado
16/4/1928,21:25:27,16,4,1928,6.7,17.69,-96.44,115,"55 km al SUROESTE de TUXTEPEC, OAX",17/4/1928,03:25:27,revisado
16/6/1928,21:19:28,16,6,1928,7.6,16.33,-96.7,33,"11 km al OESTE de MIAHUATLAN, OAX",17/6/1928,03:19:28,revisado
4/8/1928,12:28:17,4,8,1928,7.4,16.83,-97.61,33,"49 km al SUR de H TLAXIACO, OAX",4/8/1928,18:28:17,revisado
8/10/1928,21:01:08,8,10,1928,7.5,16.3,-97.3,33,"35 km al NORESTE de RIO GRANDE, OAX",9/10/1928,03:01:08,revisado
2/1/1931,03:49:02,2,1,1931,6.7,19,-107,33,"257 km al SUROESTE de PUERTO VALLARTA, JAL",2/1/1931,09:49:02,revisado
14/1/1931,19:50:40,14,1,1931,7.8,16.34,-96.87,40,"30 km al OESTE de MIAHUATLAN, OAX",15/1/1931,01:50:40,revisado
3/6/1932,04:36:52,3,6,1932,8.2,19.57,-104.42,33,"4 km al SURESTE de CASIMIRO CASTILLO, JAL",3/6/1932,10:36:52,revisado
18/6/1932,04:12:10,18,6,1932,7.8,19.5,-103.5,33,"14 km al SUROESTE de TUXPAN, JAL",18/6/1932,10:12:10,revisado
22/6/1932,06:59:28,22,6,1932,6.9,18.74,-104.68,33,"52 km al SUROESTE de MANZANILLO, COL",22/6/1932,12:59:28,revisado
7/7/1932,10:15:51,7,7,1932,6.7,29,-113,33,"149 km al OESTE de M ALEMAN(LA DOCE), SON",7/7/1932,16:15:51,revisado
12/7/1932,13:24:10,12,7,1932,6.7,26.5,-110,33,"51 km al SUROESTE de HUATABAMPO, SON",12/7/1932,19:24:10,revisado
25/7/1932,03:12:46,25,7,1932,6.9,18.87,-103.93,33,"7 km al SUROESTE de TECOMAN, COL",25/7/1932,09:12:46,revisado
7/12/1932,10:22:09,7,12,1932,6.8,19,-104,33,"8 km al NOROESTE de CD DE ARMERIA, COL",7/12/1932,16:22:09,revisado
8/4/1933,21:58:17,8,4,1933,6.6,19.5,-105,33,"54 km al NOROESTE de CIHUATLAN, JAL",9/4/1933,03:58:17,revisado
8/5/1933,04:33:40,8,5,1933,6.9,17.5,-101,33,"29 km al ESTE de PETATLAN, GRO",8/5/1933,10:33:40,revisado
28/1/1934,13:10:03,28,1,1934,6.8,17,-100,33,"9 km al ESTE de COYUCA DE BENITEZ, GRO",28/1/1934,19:10:03,revisado
29/11/1934,20:05:16,29,11,1934,7,19,-105.31,33,"83 km al SUROESTE de CIHUATLAN, JAL",30/11/1934,02:05:16,revisado
31/12/1934,12:45:45,31,12,1934,7.1,32,-114.75,33,"46 km al SURESTE de GPE VICTORIA(KM.43), BC",31/12/1934,18:45:45,revisado
29/6/1935,00:48:54,29,6,1935,6.9,18.75,-103.5,33,"36 km al OESTE de COALCOMAN, MICH",29/6/1935,06:48:54,revisado
14/12/1935,16:05:17,14,12,1935,7.3,14.75,-92.5,33,"31 km al SUROESTE de TAPACHULA, CHIS",14/12/1935,22:05:17,revisado
25/7/1937,21:47:13,25,7,1937,7.3,18.45,-96.08,85,"24 km al NORTE de TRES VALLES, VER",26/7/1937,03:47:13,revisado
6/10/1937,03:47:18,6,10,1937,6.9,17.78,-99.17,100,"20 km al NORTE de CHILAPA DE ALVAREZ, GRO",6/10/1937,09:47:18,revisado
23/12/1937,07:17:58,23,12,1937,7.4,17.1,-98.07,33,"46 km al SUROESTE de H TLAXIACO, OAX",23/12/1937,13:17:58,revisado
25/12/1937,00:03:25,25,12,1937,6.5,15.68,-97.8,33,"54 km al SUROESTE de RIO GRANDE, OAX",25/12/1937,06:03:25,revisado
2/5/1939,07:14:47,2,5,1939,6.7,29.5,-113.5,33,"179 km al NORESTE de GUERRERO NEGRO, BCS",2/5/1939,13:14:47,revisado
5/12/1939,02:30:07,5,12,1939,6.7,14.5,-91.5,33,"73 km al SURESTE de CD HIDALGO, CHIS",5/12/1939,08:30:07,revisado
18/5/1940,22:36:41,18,5,1940,7.1,32.7,-115.5,33,"5 km al NOROESTE de MEXICALI, BC",19/5/1940,04:36:41,revisado
27/7/1940,07:32:30,27,7,1940,6.7,14.25,-91.5,90,"85 km al SURESTE de CD HIDALGO, CHIS",27/7/1940,13:32:30,revisado
15/4/1941,13:09:51,15,4,1941,7.6,18.85,-102.94,33,"25 km al NORESTE de COALCOMAN, MICH",15/4/1941,19:09:51,revisado
20/6/1942,04:02:07,20,6,1942,6.7,19,-101,100,"43 km al NORTE de HUETAMO, MICH",20/6/1942,10:02:07,revisado
6/8/1942,17:36:59,6,8,1942,7.9,14.8,-91.3,50,"93 km al ESTE de CD HIDALGO, CHIS",6/8/1942,23:36:59,revisado
11/11/1942,22:55:34,11,11,1942,6.7,17.25,-94.25,90,"75 km al SUR de LAS CHOAPAS, VER",12/11/1942,04:55:34,revisado
22/2/1943,03:20:45,22,2,1943,7.4,17.6,-101.1,33,"20 km al NORESTE de PETATLAN, GRO",22/2/1943,09:20:45,revisado
31/8/1943,10:10:40,31,8,1943,6.7,14.25,-91.5,80,"85 km al SURESTE de CD HIDALGO, CHIS",31/8/1943,16:10:40,revisado
23/9/1943,09:00:44,23,9,1943,6.7,15,-91.5,110,"71 km al ESTE de CACAHOATAN, CHIS",23/9/1943,15:00:44,revisado
10/1/1944,14:09:52,10,1,1944,6.5,17,-101,33,"46 km al SUROESTE de TECPAN, GRO",10/1/1944,20:09:52,revisado
28/6/1944,01:58:54,28,6,1944,7.1,15,-92.5,33,"16 km al SUR de HUIXTLA, CHIS",28/6/1944,07:58:54,revisado
27/6/1945,07:08:20,27,6,1945,6.8,27,-111,33,"102 km al SUR de H GUAYMAS, SON",27/6/1945,13:08:20,revisado
29/6/1945,23:31:18,29,6,1945,6.7,17,-115,33,"841 km al SUROESTE de CABO SAN LUCAS, BCS",30/6/1945,05:31:18,revisado
11/10/1945,10:53:02,11,10,1945,6.5,18.32,-97.65,95,"31 km al SUROESTE de TEHUACAN, PUE",11/10/1945,16:53:02,revisado
27/10/1945,05:24:41,27,10,1945,6.7,15,-91.25,200,"98 km al ESTE de CACAHOATAN, CHIS",27/10/1945,11:24:41,revisado
6/6/1946,22:13:20,6,6,1946,6.5,16.5,-94,100,"31 km al NOROESTE de ARRIAGA , CHIS",7/6/1946,04:13:20,revisado
10/7/1946,22:46:42,10,7,1946,6.9,17,-94.5,130,"59 km al ESTE de MATIAS ROMERO, OAX",11/7/1946,04:46:42,revisado
6/1/1948,11:23:36,6,1,1948,6.9,17,-98,80,"45 km al SUROESTE de H TLAXIACO, OAX",6/1/1948,17:23:36,revisado
6/1/1948,11:25:58,6,1,1948,7,17,-98,80,"45 km al SUROESTE de H TLAXIACO, OAX",6/1/1948,17:25:58,revisado
11/8/1948,04:36:19,11,8,1948,6.5,17.75,-95.25,100,"31 km al SURESTE de J RODRIGUEZ CLARA, VER",11/8/1948,10:36:19,revisado
3/12/1948,18:22:48,3,12,1948,6.9,22,-106.5,33,"116 km al SUROESTE de TECUALA, NAY",4/12/1948,00:22:48,revisado
29/9/1950,00:32:20,29,9,1950,7,19,-107,60,"257 km al SUROESTE de PUERTO VALLARTA, JAL",29/9/1950,06:32:20,revisado
21/10/1950,03:42:58,21,10,1950,6.6,17.73,-106,33,"225 km al SUROESTE de CIHUATLAN, JAL",21/10/1950,09:42:58,revisado
23/10/1950,10:13:20,23,10,1950,7.2,14.3,-91.8,33,"56 km al SURESTE de CD HIDALGO, CHIS",23/10/1950,16:13:20,revisado
17/11/1950,13:28:23,17,11,1950,6.6,17.5,-100.5,33,"33 km al NORTE de ATOYAC DE ALVAREZ, GRO",17/11/1950,19:28:23,revisado
14/12/1950,08:15:50,14,12,1950,7.2,17.22,-98.12,33,"47 km al OESTE de H TLAXIACO, OAX",14/12/1950,14:15:50,revisado
11/12/1951,19:37:34,11,12,1951,7,17,-94.5,100,"59 km al ESTE de MATIAS ROMERO, OAX",12/12/1951,01:37:34,revisado
28/12/1951,03:20:26,28,12,1951,6.8,16.9,-98.7,33,"39 km al NOROESTE de OMETEPEC, GRO",28/12/1951,09:20:26,revisado
24/8/1953,07:21:02,24,8,1953,6.7,14.1,-91.4,96,"103 km al SURESTE de CD HIDALGO, CHIS",24/8/1953,13:21:02,revisado
1/12/1953,09:18:33,1,12,1953,6.7,16.4,-98.85,33,"57 km al SUROESTE de OMETEPEC, GRO",1/12/1953,15:18:33,revisado
29/4/1954,05:34:34,29,4,1954,7,28.5,-113,33,"120 km al NORESTE de GUERRERO NEGRO, BCS",29/4/1954,11:34:34,revisado
5/4/1955,09:09:15,5,4,1955,6.6,25,-110,33,"100 km al NORESTE de LA PAZ, BCS",5/4/1955,15:09:15,revisado
28/8/1955,14:13:30,28,8,1955,6.6,14,-91,60,"145 km al SURESTE de CD HIDALGO, CHIS",28/8/1955,20:13:30,revisado
26/9/1955,02:28:20,26,9,1955,6.9,15.5,-92.5,200,"31 km al NOROESTE de MOTOZINTLA, CHIS",26/9/1955,08:28:20,revisado
9/2/1956,08:32:39,9,2,1956,6.7,31.9,-115.8,33,"75 km al ESTE de RODOLFO SANCHEZ T(MRO), BC",9/2/1956,14:32:39,revisado
9/4/1957,23:12:09,9,4,1957,6.7,15.52,-98.25,33,"93 km al SUR de PINOTEPA NACIONAL, OAX",10/4/1957,05:12:09,revisado
28/7/1957,02:40:10,28,7,1957,7.8,17.11,-99.1,33,"47 km al NORESTE de SAN MARCOS, GRO",28/7/1957,08:40:10,revisado
24/5/1959,13:17:43,24,5,1959,6.8,17.72,-97.15,80,"28 km al SURESTE de TEPELMEME, OAX",24/5/1959,19:17:43,revisado
26/8/1959,02:25:31,26,8,1959,6.4,18.26,-94.43,21,"12 km al NORTE de ALLENDE, VER",26/8/1959,08:25:31,revisado
13/7/1960,10:23:56,13,7,1960,6.9,17,-94.5,150,"59 km al ESTE de MATIAS ROMERO, OAX",13/7/1960,16:23:56,revisado
1/9/1961,12:50:34,1,9,1961,6.6,13.5,-92.66,25,"141 km al SUROESTE de CD HIDALGO, CHIS",1/9/1961,18:50:34,revisado
11/5/1962,08:11:57,11,5,1962,7.1,17.25,-99.58,33,"34 km al SUR de CHILPANCINGO, GRO",11/5/1962,14:11:57,revisado
19/5/1962,08:58:10,19,5,1962,7,17.12,-99.57,33,"41 km al NOROESTE de SAN MARCOS, GRO",19/5/1962,14:58:10,revisado
18/11/1963,08:38:26,18,11,1963,6.5,29.68,-113.74,7,"182 km al SUR de PUERTO PEÃ‘ASCO, SON",18/11/1963,14:38:26,revisado
5/7/1964,20:14:37,5,7,1964,6.5,26.32,-110.28,10,"85 km al SUROESTE de HUATABAMPO, SON",6/7/1964,02:14:37,revisado
6/7/1964,01:22:13,6,7,1964,7.2,18.03,-100.77,55,"38 km al SUROESTE de CD ALTAMIRANO, GRO",6/7/1964,07:22:13,revisado
23/8/1965,13:46:02,23,8,1965,7.4,16.178,-95.877,12,"53 km al NORESTE de CRUCECITA, OAX",23/8/1965,19:46:02,revisado
9/12/1965,00:07:51,9,12,1965,6.5,17.249,-100.07,65,"27 km al NORTE de COYUCA DE BENITEZ, GRO",9/12/1965,06:07:51,revisado
1/7/1968,21:44:52,1,7,1968,6.7,17.508,-100.256,62,"38 km al NORESTE de ATOYAC DE ALVAREZ, GRO",2/7/1968,03:44:52,revisado
2/8/1968,08:06:37,2,8,1968,7.3,16.6,-97.8,16,"39 km al NORESTE de PINOTEPA NACIONAL, OAX",2/8/1968,14:06:37,revisado
28/11/1968,04:36:08,28,11,1968,6.6,15.231,-94.775,23,"114 km al SURESTE de SALINA CRUZ, OAX",28/11/1968,10:36:08,revisado
17/8/1969,14:13:09,17,8,1969,6.5,25.25,-109.24,15,"65 km al SUROESTE de LOS MOCHIS, SIN",17/8/1969,20:13:09,revisado
17/8/1969,14:15:00,17,8,1969,6.7,25.12,-109.55,15,"93 km al SUROESTE de LOS MOCHIS, SIN",17/8/1969,20:15:00,revisado
1/11/1969,05:08:22,1,11,1969,6.6,23.105,-107.99,10,"144 km al SUROESTE de LA CRUZ, SIN",1/11/1969,11:08:22,revisado
3/2/1970,23:08:50,3,2,1970,6.6,15.524,-99.493,21,"141 km al SUR de SAN MARCOS, GRO",4/2/1970,05:08:50,revisado
29/4/1970,08:01:34,29,4,1970,7.3,14.463,-92.683,44,"62 km al SUROESTE de CD HIDALGO, CHIS",29/4/1970,14:01:34,revisado
30/4/1970,02:32:58,30,4,1970,6.5,14.608,-93.26,22,"100 km al SUROESTE de MAPASTEPEC, CHIS",30/4/1970,08:32:58,revisado
30/9/1971,02:18:00,30,9,1971,6.5,26.88,-110.8,14,"92 km al SUROESTE de PUEBLO YAQUI, SON",30/9/1971,08:18:00,revisado
20/10/1972,02:17:46,20,10,1972,6.6,18.7,-106.756,10,"238 km al OESTE de CIHUATLAN, JAL",20/10/1972,08:17:46,revisado
12/11/1972,22:43:45,12,11,1972,6.5,15.541,-95.04,14,"73 km al SUR de SALINA CRUZ, OAX",13/11/1972,04:43:45,revisado
30/1/1973,15:01:12,30,1,1973,7.6,18.412,-103.019,24,"43 km al SURESTE de COALCOMAN, MICH",30/1/1973,21:01:12,revisado
28/8/1973,03:50:41,28,8,1973,7.3,18.248,-96.551,82,"30 km al SUROESTE de TIERRA BLANCA, VER",28/8/1973,09:50:41,revisado
31/5/1974,08:04:59,31,5,1974,6.3,27.23,-111.24,33,"83 km al SUROESTE de H GUAYMAS, SON",31/5/1974,14:04:59,revisado
24/10/1974,18:05:34,24,10,1974,6,15.84,-93.48,100,"34 km al NOROESTE de PIJIJIAPAN, CHIS",25/10/1974,00:05:34,revisado
31/12/1974,14:21:09,31,12,1974,6.1,14.13,-91.82,39,"70 km al SURESTE de CD HIDALGO, CHIS",31/12/1974,20:21:09,revisado
23/4/1975,05:14:48,23,4,1975,6,16.34,-98.87,11,"62 km al SUROESTE de OMETEPEC, GRO",23/4/1975,11:14:48,revisado
8/7/1975,03:37:25,8,7,1975,6.5,29.304,-113.468,5,"160 km al NORESTE de GUERRERO NEGRO, BCS",8/7/1975,09:37:25,revisado
4/2/1976,03:01:46,4,2,1976,7.5,15.262,-89.198,13,"319 km al ESTE de FRONTERA COMALAPA, CHIS",4/2/1976,09:01:46,revisado
7/6/1976,08:26:42,7,6,1976,6.5,17.406,-100.682,57,"21 km al NOROESTE de TECPAN, GRO",7/6/1976,14:26:42,revisado
18/3/1978,19:39:16,18,3,1978,6.6,17.036,-99.745,44,"24 km al NORESTE de ACAPULCO, GRO",19/3/1978,01:39:16,revisado
30/5/1978,19:07:21,30,5,1978,6.5,12.759,-87.287,49,"567 km al SURESTE de CD HIDALGO, CHIS",31/5/1978,01:07:21,revisado
29/11/1978,13:52:50,29,11,1978,7.6,16.013,-96.586,23,"32 km al NOROESTE de S PEDRO POCHUTLA, OAX",29/11/1978,19:52:50,revisado
26/1/1979,04:04:31,26,1,1979,6.6,17.397,-100.895,23,"34 km al NOROESTE de TECPAN, GRO",26/1/1979,10:04:31,revisado
26/1/1979,11:10:31,26,1,1979,6,17,-101.99,33,"85 km al SUROESTE de ZIHUATANEJO, GRO",26/1/1979,17:10:31,revisado
14/3/1979,05:07:15,14,3,1979,7.4,17.75,-101.263,25,"24 km al NORTE de PETATLAN, GRO",14/3/1979,11:07:15,revisado
18/3/1979,14:12:35,18,3,1979,6,17.58,-100.83,36,"45 km al NOROESTE de TECPAN, GRO",18/3/1979,20:12:35,revisado
22/6/1979,00:30:57,22,6,1979,6.9,17.014,-94.605,115,"49 km al NORESTE de MATIAS ROMERO, OAX",22/6/1979,06:30:57,revisado
1/10/1979,08:14:16,1,10,1979,6,15.67,-92.93,100,"26 km al NORTE de MAPASTEPEC, CHIS",1/10/1979,14:14:16,revisado
15/10/1979,17:17:00,15,10,1979,6.5,32.784,-115.657,14,"19 km al NOROESTE de SANTA ISABEL, BC",15/10/1979,23:17:00,revisado
27/10/1979,08:36:00,27,10,1979,6.8,13.855,-90.857,64,"167 km al SURESTE de CD HIDALGO, CHIS",27/10/1979,14:36:00,revisado
27/10/1979,15:43:26,27,10,1979,6.8,13.782,-90.754,65,"180 km al SURESTE de CD HIDALGO, CHIS",27/10/1979,21:43:26,revisado
25/11/1979,16:14:54,25,11,1979,6.3,13.58,-91.69,33,"131 km al SURESTE de CD HIDALGO, CHIS",25/11/1979,22:14:54,revisado
8/6/1980,21:28:18,8,6,1980,6.4,32.22,-114.99,5,"13 km al SURESTE de GPE VICTORIA(KM.43), BC",9/6/1980,03:28:18,revisado
8/8/1980,23:45:11,8,8,1980,6.5,15.879,-88.505,24,"291 km al SUR de CHETUMAL, QR",9/8/1980,05:45:11,revisado
24/10/1980,08:53:36,24,10,1980,7.1,18.174,-98.222,65,"19 km al OESTE de ACATLAN DE OSORIO, PUE",24/10/1980,14:53:36,revisado
1/11/1980,16:52:22,1,11,1980,6.1,19.09,-107.33,33,"277 km al SUROESTE de PUERTO VALLARTA, JAL",1/11/1980,22:52:22,revisado
1/6/1981,09:12:46,1,6,1981,6,18.73,-107.03,33,"266 km al OESTE de CIHUATLAN, JAL",1/6/1981,15:12:46,revisado
25/7/1981,23:14:21,25,7,1981,6.5,17.79,-102.01,21,"28 km al SURESTE de CD LAZARO CARDENAS, MICH",26/7/1981,05:14:21,revisado
24/10/1981,21:22:16,24,10,1981,7.3,18.088,-102.061,21,"18 km al NORESTE de LAS GUACAMAYAS, MICH",25/10/1981,03:22:16,revisado
1/1/1982,21:30:41,1,1,1982,6.1,15.93,-100.88,25,"145 km al SUR de TECPAN, GRO",2/1/1982,03:30:41,revisado
2/1/1982,01:05:50,2,1,1982,6,16.44,-100.29,33,"63 km al SUROESTE de ACAPULCO, GRO",2/1/1982,07:05:50,revisado
11/1/1982,23:48:17,11,1,1982,6,13.18,-87.59,4,"520 km al SURESTE de CD HIDALGO, CHIS",12/1/1982,05:48:17,revisado
4/3/1982,05:41:02,4,3,1982,6,13.24,-88.91,76,"384 km al SURESTE de CD HIDALGO, CHIS",4/3/1982,11:41:02,revisado
6/4/1982,13:56:53,6,4,1982,6.7,14.276,-92.074,45,"45 km al SUR de CD HIDALGO, CHIS",6/4/1982,19:56:53,revisado
7/6/1982,00:52:33,7,6,1982,6.9,16.424,-98.253,6,"23 km al NOROESTE de PINOTEPA NACIONAL, OAX",7/6/1982,06:52:33,revisado
7/6/1982,04:59:40,7,6,1982,7,16.516,-98.339,19,"20 km al SURESTE de OMETEPEC, GRO",7/6/1982,10:59:40,revisado
19/6/1982,00:21:59,19,6,1982,7.3,13.346,-89.368,74,"335 km al SURESTE de CD HIDALGO, CHIS",19/6/1982,06:21:59,revisado
24/1/1983,02:17:40,24,1,1983,6.8,16.165,-95.206,50,"2 km al SUROESTE de SALINA CRUZ, OAX",24/1/1983,08:17:40,revisado
9/5/1983,14:09:15,9,5,1983,6.2,19.98,-109.45,9,"326 km al SUR de CABO SAN LUCAS, BCS",9/5/1983,20:09:15,revisado
1/12/1983,21:09:04,1,12,1983,7,14.032,-91.956,35,"75 km al SURESTE de CD HIDALGO, CHIS",2/12/1983,03:09:04,revisado
10/2/1984,10:51:21,10,2,1984,6.2,28.33,-112.08,9,"82 km al SUROESTE de M ALEMAN(LA DOCE), SON",10/2/1984,16:51:21,revisado
1/7/1984,22:50:32,1,7,1984,6,15.84,-99.03,33,"112 km al SURESTE de SAN MARCOS, GRO",2/7/1984,04:50:32,revisado
2/12/1984,00:09:44,2,12,1984,6.2,20.36,-115.76,9,"666 km al SUROESTE de CD CONSTITUCION, BCS",2/12/1984,06:09:44,revisado
19/9/1985,07:17:49,19,9,1985,8.1,18.419,-102.468,15,"45 km al NOROESTE de LA MIRA, MICH",19/9/1985,13:17:49,revisado
20/9/1985,19:37:14,20,9,1985,7.6,17.828,-101.681,17,"25 km al NOROESTE de ZIHUATANEJO, GRO",21/9/1985,01:37:14,revisado
24/3/1986,04:34:02,24,3,1986,6.5,14.31,-91.66,33,"67 km al SURESTE de CD HIDALGO, CHIS",24/3/1986,10:34:02,revisado
30/4/1986,01:07:19,30,4,1986,7,18.361,-103.045,22,"48 km al SUR de COALCOMAN, MICH",30/4/1986,07:07:19,revisado
13/7/1986,03:12:15,13,7,1986,6,16.08,-94.2,90,"36 km al SUROESTE de ARRIAGA , CHIS",13/7/1986,09:12:15,revisado
15/7/1987,01:16:13,15,7,1987,6,17.39,-97.26,68,"46 km al NORESTE de H TLAXIACO, OAX",15/7/1987,07:16:13,revisado
24/11/1987,07:15:59,24,11,1987,6.5,33.083,-115.983,10,"63 km al NOROESTE de SANTA ISABEL, BC",24/11/1987,13:15:59,revisado
18/6/1988,16:49:44,18,6,1988,6.6,26.813,-110.988,12,"95 km al NORESTE de LORETO, BCS",18/6/1988,22:49:44,revisado
3/11/1988,08:47:13,3,11,1988,6.6,13.913,-90.557,74,"192 km al SURESTE de CD HIDALGO, CHIS",3/11/1988,14:47:13,revisado
25/4/1989,08:29:03,25,4,1989,6.8,16.795,-99.275,23,"12 km al ESTE de SAN MARCOS, GRO",25/4/1989,14:29:03,revisado
28/8/1989,22:16:26,28,8,1989,6.5,18.016,-105.674,27,"179 km al SUROESTE de CIHUATLAN, JAL",29/8/1989,04:16:26,revisado
16/3/1990,09:52:44,16,3,1990,6.1,24.93,-109.1,20,"94 km al SUROESTE de G LEYVA SOLANO (BENITO JUAREZ), SIN",16/3/1990,15:52:44,revisado
31/12/1990,18:06:36,31,12,1990,6.2,18.54,-105.77,10,"149 km al SUROESTE de CIHUATLAN, JAL",1/1/1991,00:06:36,revisado
21/6/1991,18:30:26,21,6,1991,6.1,23.99,-108.49,10,"117 km al SUROESTE de NAVOLATO, SIN",22/6/1991,00:30:26,revisado
14/5/1993,21:11:56,14,5,1993,6,16.47,-98.72,15,"41 km al SUROESTE de OMETEPEC, GRO",15/5/1993,03:11:56,revisado
3/9/1993,06:35:05,3,9,1993,6.7,14.643,-92.804,47,"65 km al SUROESTE de TAPACHULA, CHIS",3/9/1993,12:35:05,revisado
10/9/1993,13:12:57,10,9,1993,7.2,14.8,-92.687,34,"44 km al SUROESTE de HUIXTLA, CHIS",10/9/1993,19:12:57,revisado
19/9/1993,08:10:56,19,9,1993,6.3,13.99,-93.43,5,"157 km al SUROESTE de CD HIDALGO, CHIS",19/9/1993,14:10:56,revisado
30/9/1993,12:27:49,30,9,1993,6.4,14.78,-95.01,13,"156 km al SUR de SALINA CRUZ, OAX",30/9/1993,18:27:49,revisado
24/10/1993,01:52:19,24,10,1993,6.6,16.767,-98.767,30,"40 km al OESTE de OMETEPEC, GRO",24/10/1993,07:52:19,revisado
14/3/1994,14:51:26,14,3,1994,6.8,15.984,-92.432,160,"42 km al SURESTE de VENUSTIANO CARRANZA, CHIS",14/3/1994,20:51:26,revisado
4/7/1994,15:36:43,4,7,1994,6.1,14.83,-97.31,19,"117 km al SUR de PUERTO ESCONDIDO, OAX",4/7/1994,21:36:43,revisado
10/12/1994,10:17:40,10,12,1994,6.6,17.98,-101.52,53,"37 km al NORTE de ZIHUATANEJO, GRO",10/12/1994,16:17:40,revisado
14/6/1995,05:11:50,14,6,1995,6.5,12.167,-88.372,27,"494 km al SURESTE de CD HIDALGO, CHIS",14/6/1995,11:11:50,revisado
30/6/1995,05:58:56,30,6,1995,6.3,24.62,-110.26,10,"53 km al NORTE de LA PAZ, BCS",30/6/1995,11:58:56,revisado
28/8/1995,04:46:12,28,8,1995,6.5,26.16,-110.35,10,"101 km al ESTE de LORETO, BCS",28/8/1995,10:46:12,revisado
14/9/1995,08:04:33,14,9,1995,7.3,16.752,-98.667,21,"29 km al NOROESTE de OMETEPEC, GRO",14/9/1995,14:04:33,revisado
9/10/1995,09:35:54,9,10,1995,8,18.993,-104.245,25,"10 km al SURESTE de MANZANILLO, COL",9/10/1995,15:35:54,revisado
12/10/1995,10:53:04,12,10,1995,6.1,19.04,-103.7,11,"21 km al SURESTE de COQUIMATLAN, COL",12/10/1995,16:53:04,revisado
20/10/1995,20:38:58,20,10,1995,7.1,16.811,-93.474,160,"12 km al NOROESTE de OCOZOCOAUTLA, CHIS",21/10/1995,02:38:58,revisado
11/12/1995,08:09:24,11,12,1995,6.2,18.96,-105.63,16,"116 km al SUROESTE de CIHUATLAN, JAL",11/12/1995,14:09:24,revisado
11/12/1995,13:44:10,11,12,1995,6,18.73,-105.74,21,"136 km al SUROESTE de CIHUATLAN, JAL",11/12/1995,19:44:10,revisado
24/2/1996,21:08:19,24,2,1996,7.1,15.88,-97.98,15,"52 km al SUR de PINOTEPA NACIONAL, OAX",25/2/1996,03:08:19,revisado
19/3/1996,11:12:39,19,3,1996,6,15.49,-97.55,15,"59 km al SUR de RIO GRANDE, OAX",19/3/1996,17:12:39,revisado
15/7/1996,16:23:34,15,7,1996,6.6,17.5,-101.12,22,"17 km al ESTE de PETATLAN, GRO",15/7/1996,21:23:34,revisado
11/1/1997,14:28:26,11,1,1997,7.1,18.34,-102.58,40,"43 km al NOROESTE de LA MIRA, MICH",11/1/1997,20:28:26,revisado
1/5/1997,06:37:36,1,5,1997,6.9,18.96,-107.15,15,"272 km al SUROESTE de PUERTO VALLARTA, JAL",1/5/1997,11:37:36,revisado
22/5/1997,02:50:55,22,5,1997,6,18.41,-101.81,59,"61 km al NORESTE de LAS GUACAMAYAS, MICH",22/5/1997,07:50:55,revisado
19/7/1997,09:22:09,19,7,1997,6.7,15.86,-98.26,15,"58 km al SUROESTE de PINOTEPA NACIONAL, OAX",19/7/1997,14:22:09,revisado
16/12/1997,05:48:29,16,12,1997,6,15.7,-99.04,16,"127 km al SURESTE de SAN MARCOS, GRO",16/12/1997,11:48:29,revisado
18/12/1997,09:02:13,18,12,1997,6.1,14.67,-89.74,152,"260 km al ESTE de CD HIDALGO, CHIS",18/12/1997,15:02:13,revisado
22/12/1997,04:03:53,22,12,1997,6.1,13.99,-90.85,81,"160 km al SURESTE de CD HIDALGO, CHIS",22/12/1997,10:03:53,revisado
10/1/1998,02:20:06,10,1,1998,6.6,14.37,-91.93,55,"42 km al SURESTE de CD HIDALGO, CHIS",10/1/1998,08:20:06,revisado
2/2/1998,21:02:01,2,2,1998,6.4,15.69,-96.37,33,"12 km al SURESTE de S PEDRO POCHUTLA, OAX",3/2/1998,03:02:01,revisado
2/3/1998,20:24:42,2,3,1998,6.7,13.73,-91.93,16,"108 km al SUR de CD HIDALGO, CHIS",3/3/1998,02:24:42,revisado
10/5/1998,01:06:00,10,5,1998,6.4,13.78,-90.83,15,"174 km al SURESTE de CD HIDALGO, CHIS",10/5/1998,06:06:00,revisado
7/6/1998,18:20:16,7,6,1998,6.2,15.82,-94.07,16,"45 km al SUROESTE de TONALA, CHIS",7/6/1998,23:20:16,revisado
8/5/1999,17:12:41,8,5,1999,6.4,13.59,-92.14,50,"120 km al SUR de CD HIDALGO, CHIS",8/5/1999,22:12:41,revisado
15/6/1999,15:42:04,15,6,1999,7,18.133,-97.539,63,"29 km al SUROESTE de S GABRIEL CHILAC, PUE",15/6/1999,20:42:04,revisado
21/6/1999,12:43:05,21,6,1999,6.2,17.99,-101.72,54,"42 km al NOROESTE de ZIHUATANEJO, GRO",21/6/1999,17:43:05,revisado
30/9/1999,11:31:13,30,9,1999,7.4,16.056,-97.004,39,"22 km al NORESTE de PUERTO ESCONDIDO, OAX",30/9/1999,16:31:13,revisado
12/12/1999,11:57:31,12,12,1999,6,14.54,-91.61,136,"60 km al ESTE de CD HIDALGO, CHIS",12/12/1999,17:57:31,revisado
28/12/1999,23:19:46,28,12,1999,6.1,18.02,-101.68,82,"44 km al NOROESTE de ZIHUATANEJO, GRO",29/12/1999,05:19:46,revisado
21/7/2000,01:13:39,21,7,2000,6,18.09,-98.97,48,"45 km al SUROESTE de CHIAUTLA DE TAPIA, PUE",21/7/2000,06:13:39,revisado
9/8/2000,06:41:47,9,8,2000,7,17.99,-102.66,16,"35 km al OESTE de LA MIRA, MICH",9/8/2000,11:41:47,revisado
3/12/2000,22:42:11,3,12,2000,6,14.27,-94.09,7,"183 km al SUROESTE de MAPASTEPEC, CHIS",4/12/2000,04:42:11,revisado
8/1/2001,19:46:14,8,1,2001,6.1,15.34,-93.24,66,"38 km al SUR de PIJIJIAPAN, CHIS",9/1/2001,01:46:14,revisado
18/1/2001,19:12:53,18,1,2001,6.3,15.1,-93.03,108,"41 km al SUROESTE de MAPASTEPEC, CHIS",19/1/2001,01:12:53,revisado
29/4/2001,15:26:56,29,4,2001,6.2,18.51,-104.71,10,"73 km al SUROESTE de MANZANILLO, COL",29/4/2001,21:26:56,revisado
19/5/2001,23:21:37,19,5,2001,6.5,18.64,-105.12,12,"88 km al SUROESTE de CIHUATLAN, JAL",20/5/2001,04:21:37,revisado
7/10/2001,21:39:19,7,10,2001,6.1,16.94,-100.14,4,"9 km al SUROESTE de COYUCA DE BENITEZ, GRO",8/10/2001,03:39:19,revisado
28/11/2001,08:32:36,28,11,2001,6.4,15.41,-93.64,36,"55 km al SUROESTE de PIJIJIAPAN, CHIS",28/11/2001,14:32:36,revisado
16/1/2002,17:09:55,16,1,2002,6.7,15.43,-93.55,76,"46 km al SUROESTE de PIJIJIAPAN, CHIS",16/1/2002,23:09:55,revisado
18/4/2002,00:02:45,18,4,2002,6.5,16.77,-101.12,22,"72 km al SUROESTE de TECPAN, GRO",18/4/2002,05:02:45,revisado
18/4/2002,12:57:19,18,4,2002,6,16.66,-101.89,12,"115 km al SUROESTE de ZIHUATANEJO, GRO",18/4/2002,17:57:19,revisado
3/10/2002,11:08:28,3,10,2002,6.2,23.22,-108.73,35,"102 km al ESTE de SAN JOSE DEL CABO, BCS",3/10/2002,16:08:28,revisado
20/1/2003,20:46:54,20,1,2003,6.8,13.36,-91.64,17,"156 km al SURESTE de CD HIDALGO, CHIS",21/1/2003,02:46:54,revisado
21/1/2003,20:06:34,21,1,2003,7.6,18.6,-104.22,9,"46 km al SUROESTE de CD DE ARMERIA, COL",22/1/2003,02:06:34,revisado
12/3/2003,17:41:42,12,3,2003,6.5,26.51,-110.04,12,"53 km al SUROESTE de HUATABAMPO, SON",12/3/2003,23:41:42,revisado
19/5/2003,11:27:11,19,5,2003,6.2,17.72,-105.7,10,"206 km al SUROESTE de CIHUATLAN, JAL",19/5/2003,16:27:11,revisado
1/1/2004,17:31:49,1,1,2004,6.3,17.34,-101.42,6,"27 km al SUROESTE de PETATLAN, GRO",1/1/2004,23:31:49,revisado
14/6/2004,17:54:21,14,6,2004,6.4,16.22,-98.16,10,"18 km al SUROESTE de PINOTEPA NACIONAL, OAX",14/6/2004,22:54:21,revisado
20/11/2004,16:01:46,20,11,2004,6,13.29,-90.24,58,"257 km al SURESTE de CD HIDALGO, CHIS",20/11/2004,22:01:46,revisado
4/1/2006,02:32:37,4,1,2006,6.6,28.38,-112.51,15,"113 km al SUROESTE de M ALEMAN(LA DOCE), SON",4/1/2006,08:32:37,revisado
5/7/2007,20:09:21,5,7,2007,6.2,16.32,-94.02,94,"16 km al NOROESTE de ARRIAGA , CHIS",6/7/2007,01:09:21,revisado
1/9/2007,14:14:20,1,9,2007,6.3,24.91,-109.97,2,"92 km al NORESTE de LA PAZ, BCS",1/9/2007,19:14:20,revisado
23/9/2008,21:33:04,23,9,2008,6.4,17.64,-105.61,16,"208 km al SUROESTE de MANZANILLO, COL",24/9/2008,02:33:04,revisado
16/10/2008,14:41:25,16,10,2008,6.6,14.05,-92.86,23,"103 km al SUROESTE de CD HIDALGO, CHIS",16/10/2008,19:41:25,revisado
3/8/2009,12:59:56,3,8,2009,6.5,28.85,-112.74,10,"123 km al OESTE de M ALEMAN(LA DOCE), SON",3/8/2009,17:59:56,revisado
4/4/2010,17:40:42,4,4,2010,7.2,32.47,-115.37,10,"23 km al SURESTE de MEXICALI, BC",4/4/2010,22:40:42,revisado
30/6/2010,02:22:27,30,6,2010,6,16.24,-97.99,4,"13 km al SURESTE de PINOTEPA NACIONAL, OAX",30/6/2010,07:22:27,revisado
23/8/2010,21:11:55,23,8,2010,6.1,18.44,-107.27,14,"299 km al SUROESTE de CIHUATLAN, JAL",24/8/2010,02:11:55,revisado
21/10/2010,12:53:11,21,10,2010,6.5,24.65,-109.41,8,"107 km al NORESTE de LA PAZ, BCS",21/10/2010,17:53:11,revisado
25/2/2011,07:07:28,25,2,2011,6,17.69,-95.21,135,"34 km al SUROESTE de SAYULA DE ALEMAN, VER",25/2/2011,13:07:28,revisado
7/4/2011,08:11:22,7,4,2011,6.7,17.22,-94.32,171,"80 km al SUROESTE de LAS CHOAPAS, VER",7/4/2011,13:11:22,revisado
1/11/2011,06:31:58,1,11,2011,6,19.73,-109.3,16,"355 km al SUR de CABO SAN LUCAS, BCS",1/11/2011,12:31:58,revisado
1/11/2011,06:31:58,1,11,2011,6,19.74,-109.31,15,"354 km al SUR de CABO SAN LUCAS, BCS",1/11/2011,12:31:58,revisado
10/12/2011,19:47:25,10,12,2011,6.5,17.84,-99.96,54,"50 km al NOROESTE de ZUMPANGO DEL RIO, GRO",11/12/2011,01:47:25,revisado
21/1/2012,12:47:13,21,1,2012,6,14.7043,-93.2882,16.1,"92 km al SUROESTE de MAPASTEPEC, CHIS",21/1/2012,18:47:13,revisado
20/3/2012,12:02:48,20,3,2012,7.5,16.264,-98.457,18,"46 km al SUR de OMETEPEC, GRO",20/3/2012,18:02:48,revisado
2/4/2012,12:36:43,2,4,2012,6,16.2948,-98.544,12,"45 km al SUROESTE de OMETEPEC, GRO",2/4/2012,17:36:43,revisado
11/4/2012,17:55:10,11,4,2012,6.4,17.9217,-103.068,20,"79 km al OESTE de LA MIRA, MICH",11/4/2012,22:55:10,revisado
12/4/2012,02:05:59,12,4,2012,6,28.7955,-113.414,15,"112 km al NORESTE de GUERRERO NEGRO, BCS",12/4/2012,07:05:59,revisado
12/4/2012,02:15:46,12,4,2012,6.8,28.8278,-113.164,5,"130 km al NORESTE de GUERRERO NEGRO, BCS",12/4/2012,07:15:46,revisado
1/5/2012,17:43:36,1,5,2012,6.1,14.4265,-93.2253,12,"113 km al SUROESTE de HUIXTLA, CHIS",1/5/2012,22:43:36,revisado
25/9/2012,18:45:25,25,9,2012,6,24.777,-110.234,11.2,"71 km al NORTE de LA PAZ, BCS",25/9/2012,23:45:25,revisado
7/11/2012,10:35:50,7,11,2012,7.3,14.0272,-92.3155,17.1,"74 km al SUR de CD HIDALGO, CHIS",7/11/2012,16:35:50,revisado
11/11/2012,16:14:57,11,11,2012,6.2,13.8108,-92.5032,6.6,"103 km al SUROESTE de CD HIDALGO, CHIS",11/11/2012,22:14:57,revisado
15/11/2012,03:20:22,15,11,2012,6.1,18.1832,-100.529,45.4,"24 km al SURESTE de CD ALTAMIRANO, GRO",15/11/2012,09:20:22,revisado
14/12/2012,04:36:04,14,12,2012,6.4,31.1935,-119.415,15.9,"257 km al SUROESTE de PLAYAS DE ROSARITO, BC",14/12/2012,10:36:04,revisado
25/3/2013,17:02:13,25,3,2013,6.1,14.383,-90.788,197,"150 km al ESTE de CD HIDALGO, CHIS",25/3/2013,23:02:13,revisado
21/8/2013,07:38:29,21,8,2013,6,16.7527,-99.5812,5,"21 km al OESTE de SAN MARCOS, GRO",21/8/2013,12:38:29,revisado
6/9/2013,19:13:28,6,9,2013,6,14.3368,-92.2562,69.7,"39 km al SUROESTE de CD HIDALGO, CHIS",7/9/2013,00:13:28,revisado
19/10/2013,12:54:55,19,10,2013,6.3,26.0867,-110.461,14.1,"89 km al ESTE de LORETO, BCS",19/10/2013,17:54:55,revisado
18/4/2014,09:27:21,18,4,2014,7.2,17.011,-101.46,18,"61 km al SUROESTE de PETATLAN, GRO",18/4/2014,14:27:21,revisado
8/5/2014,12:00:14,8,5,2014,6.5,16.986,-100.916,10,"40 km al SUROESTE de TECPAN, GRO",8/5/2014,17:00:14,revisado
10/5/2014,02:36:00,10,5,2014,6.1,17.036,-100.893,10,"35 km al SUROESTE de TECPAN, GRO",10/5/2014,07:36:00,revisado
31/5/2014,06:53:49,31,5,2014,6.2,18.9967,-107.33,10,"283 km al SUROESTE de PUERTO VALLARTA, JAL",31/5/2014,11:53:49,revisado
7/7/2014,06:23:59,7,7,2014,6.9,14.6502,-92.5572,56.7,"43 km al SUROESTE de TAPACHULA, CHIS",7/7/2014,11:23:59,revisado
29/7/2014,05:46:15,29,7,2014,6.4,17.6988,-95.6373,117.2,"38 km al SUROESTE de ISLA, VER",29/7/2014,10:46:15,revisado
7/10/2014,21:40:49,7,10,2014,6.1,23.6963,-108.755,10,"120 km al NORESTE de SAN JOSE DEL CABO, BCS",8/10/2014,02:40:49,revisado
7/12/2014,15:16:35,7,12,2014,6.1,13.6777,-91.4385,32,"135 km al SURESTE de CD HIDALGO, CHIS",7/12/2014,21:16:35,revisado
22/2/2015,08:23:13,22,2,2015,6.2,18.643,-106.955,16,"260 km al SUROESTE de CIHUATLAN, JAL",22/2/2015,14:23:13,revisado
13/9/2015,03:14:09,13,9,2015,6.6,25.0352,-109.533,8.2,"100 km al SUROESTE de LOS MOCHIS, SIN",13/9/2015,08:14:09,revisado
17/12/2015,13:49:54,17,12,2015,6.6,15.7558,-93.7005,91.4,"37 km al SUR de TONALA, CHIS",17/12/2015,19:49:54,revisado
21/1/2016,12:06:58,21,1,2016,6.5,18.8158,-106.977,10,"258 km al OESTE de CIHUATLAN, JAL",21/1/2016,18:06:58,revisado
15/4/2016,09:11:24,15,4,2016,6.1,13.2542,-92.458,12,"161 km al SUR de CD HIDALGO, CHIS",15/4/2016,14:11:24,revisado
25/4/2016,02:07:12,25,4,2016,6,14.535,-93.2128,10.4,"104 km al SUROESTE de HUIXTLA, CHIS",25/4/2016,07:07:12,revisado
27/4/2016,07:51:18,27,4,2016,6,14.2902,-93.3883,20,"137 km al SUROESTE de HUIXTLA, CHIS",27/4/2016,12:51:18,revisado
28/4/2016,20:33:39,28,4,2016,6.6,10.271,-103.715,10,"837 km al SUROESTE de TECPAN, GRO",29/4/2016,01:33:39,revisado
8/5/2016,02:33:59,8,5,2016,6,16.323,-97.8773,7.4,"19 km al ESTE de PINOTEPA NACIONAL, OAX",8/5/2016,07:33:59,revisado
7/6/2016,05:51:36,7,6,2016,6.1,18.2838,-105.306,8.7,"131 km al SUROESTE de CIHUATLAN, JAL",7/6/2016,10:51:36,revisado
14/6/2017,02:29:04,14,6,2017,6.9,14.7282,-92.3167,107.1,"19 km al NOROESTE de CD HIDALGO, CHIS",14/6/2017,07:29:04,revisado
7/9/2017,23:49:17,7,9,2017,8.2,14.761,-94.103,45.9,"140 km al SUROESTE de PIJIJIAPAN, CHIS",8/9/2017,04:49:17,revisado
19/9/2017,13:14:39,19,9,2017,7.1,18.3297,-98.6712,51.2,"8 km al NOROESTE de CHIAUTLA DE TAPIA, PUE",19/9/2017,18:14:39,revisado
23/9/2017,07:53:01,23,9,2017,6.1,16.496,-95.146,10,"9 km al SUROESTE de CD IXTEPEC, OAX",23/9/2017,12:53:01,revisado
19/1/2018,10:17:45,19,1,2018,6.3,26.6672,-111.079,16.1,"77 km al NORESTE de LORETO, BCS",19/1/2018,16:17:45,revisado
16/2/2018,17:39:39,16,2,2018,7.2,16.218,-98.0135,16,"14 km al SURESTE de PINOTEPA NACIONAL, OAX",16/2/2018,23:39:39,revisado
19/2/2018,00:56:58,19,2,2018,6,16.2477,-97.775,10.2,"31 km al SURESTE de PINOTEPA NACIONAL, OAX",19/2/2018,06:56:58,revisado
1/2/2019,10:14:12,1,2,2019,6.5,14.5818,-92.4807,76.2,"37 km al SUROESTE de CD HIDALGO, CHIS",1/2/2019,16:14:12,revisado
19/11/2019,22:27:06,19,11,2019,6.4,13.7792,-93.3382,9.4,"162 km al SUROESTE de CD HIDALGO, CHIS",20/11/2019,04:27:06,revisado
4/1/2020,22:40:49,4,1,2020,6,16.2527,-94.6173,80.8,"33 km al SURESTE de UNION HIDALGO, OAX",5/1/2020,04:40:49,revisado
22/5/2020,03:46:06,22,5,2020,6.2,22.348,-108.011,5,"191 km al SUROESTE de MAZATLAN, SIN",22/5/2020,08:46:06,revisado
23/6/2020,10:29:03,23,6,2020,7.4,15.8033,-96.1337,22.8,"4 km al NORTE de CRUCECITA, OAX",23/6/2020,15:29:03,revisado
7/9/2021,20:47:46,7,9,2021,7.1,16.7553,-99.9533,15,"14 km al SUROESTE de ACAPULCO, GRO",8/9/2021,01:47:46,revisado
22/12/2021,17:22:57,22,12,2021,6,18.7157,-107.161,10,"279 km al OESTE de CIHUATLAN, JAL",22/12/2021,23:22:57,revisado
16/2/2022,01:12:23,16,2,2022,6.2,13.837,-91.573,62,"112 km al SURESTE de CD HIDALGO, CHIS",16/2/2022,07:12:23,revisado
19/9/2022,13:05:09,19,9,2022,7.7,18.22,-103.29,15,"63 km al SUR de COALCOMAN, MICH ",19/9/2022,18:05:09,verificado
